comp_id,atom_id,count,min,max,avg,std,num_outliers,lower_5sd,upper_5sd,range_5sd
ALA,H,86669,3.53,13.9288,8.195,0.572,930,5.335000000000001,11.055,"[5.335, 11.055]"
ALA,HA,52354,0.87,6.514,4.238,0.42,1573,2.1380000000000003,6.338000000000001,"[2.138, 6.338]"
ALA,MB,50305,-0.83,3.4106,1.357,0.243,1590,0.14200000000000013,2.572,"[0.142, 2.572]"
ALA,C,56564,164.477,187.2,177.816,2.026,479,167.686,187.946,"[167.686, 187.946]"
ALA,CA,76688,35.77,72.252,53.14,1.924,381,43.52,62.76,"[43.52, 62.76]"
ALA,CB,72257,6.606,40.32,18.957,1.744,1385,10.237,27.677,"[10.237, 27.677]"
ALA,N,83101,98.053,142.81,123.38,3.418,899,106.28999999999999,140.47,"[106.29, 140.47]"
ARG,H,57072,3.566,12.69,8.235,0.595,547,5.26,11.209999999999999,"[5.26, 11.21]"
ARG,HA,35829,1.291,6.618,4.285,0.443,718,2.0700000000000003,6.5,"[2.07, 6.5]"
ARG,HB2,32072,-0.611,3.74,1.795,0.255,869,0.52,3.07,"[0.52, 3.07]"
ARG,HB3,30298,-0.74,3.74,1.766,0.267,835,0.43100000000000005,3.101,"[0.431, 3.101]"
ARG,HD2,27943,1.041,4.849,3.118,0.227,995,1.9829999999999999,4.253,"[1.983, 4.253]"
ARG,HD3,25399,0.199,4.689,3.103,0.256,832,1.8230000000000002,4.383,"[1.823, 4.383]"
ARG,HE,8684,2.201,11.88,7.355,0.564,476,4.535,10.175,"[4.535, 10.175]"
ARG,HG2,28494,-0.688,3.51,1.567,0.26,846,0.2669999999999999,2.867,"[0.267, 2.867]"
ARG,HG3,26398,-0.742,3.51,1.547,0.278,836,0.1569999999999998,2.9370000000000003,"[0.157, 2.937]"
ARG,HH11,696,5.642,9.82,6.895,0.43,37,4.744999999999999,9.045,"[4.745, 9.045]"
ARG,HH12,542,5.92,8.76,6.845,0.357,27,5.06,8.629999999999999,"[5.06, 8.63]"
ARG,HH21,597,4.845,9.663,6.807,0.396,37,4.827,8.787,"[4.827, 8.787]"
ARG,HH22,491,5.92,8.776,6.796,0.35,40,5.046,8.546,"[5.046, 8.546]"
ARG,C,35189,167.086,184.51,176.493,1.965,181,166.668,186.31799999999998,"[166.668, 186.318]"
ARG,CA,49317,35.7,74.477,56.768,2.259,165,45.473,68.063,"[45.473, 68.063]"
ARG,CB,45499,18.47,44.328,30.626,1.771,642,21.771,39.481,"[21.771, 39.481]"
ARG,CD,24177,27.121,51.422,43.164,0.917,651,38.579,47.749,"[38.579, 47.749]"
ARG,CG,24066,18.22,49.39,27.216,1.193,496,21.251,33.181,"[21.251, 33.181]"
ARG,CZ,648,113.281,180.3,159.86,3.541,56,142.15500000000003,177.565,"[142.155, 177.565]"
ARG,N,53206,102.427,137.6,120.906,3.58,501,103.006,138.806,"[103.006, 138.806]"
ARG,NE,4806,67.0,99.808,84.592,1.597,1488,76.607,92.577,"[76.607, 92.577]"
ARG,NH1,152,67.6,87.82,74.089,4.815,39,50.013999999999996,98.164,"[50.014, 98.164]"
ARG,NH2,129,69.258,87.83,72.837,2.912,45,58.277,87.397,"[58.277, 87.397]"
ASN,H,47345,2.61,12.675,8.322,0.605,717,5.296999999999999,11.347,"[5.297, 11.347]"
ASN,HA,29370,2.04,6.6,4.658,0.349,590,2.9130000000000003,6.4030000000000005,"[2.913, 6.403]"
ASN,HB2,27166,0.18,4.47,2.803,0.306,727,1.273,4.333,"[1.273, 4.333]"
ASN,HB3,26178,-0.074,4.766,2.749,0.324,724,1.129,4.369,"[1.129, 4.369]"
ASN,HD21,19662,2.06,9.767,7.328,0.474,352,4.958,9.698,"[4.958, 9.698]"
ASN,HD22,19384,2.578,9.986,7.148,0.489,402,4.702999999999999,9.593,"[4.703, 9.593]"
ASN,C,29882,166.8,187.551,175.294,1.741,225,166.589,183.99900000000002,"[166.589, 183.999]"
ASN,CA,41712,41.197,68.563,53.519,1.841,288,44.314,62.724,"[44.314, 62.724]"
ASN,CB,39197,23.164,57.35,38.682,1.633,669,30.517000000000003,46.847,"[30.517, 46.847]"
ASN,CG,2255,111.6,183.8,176.714,2.375,15,164.839,188.589,"[164.839, 188.589]"
ASN,N,44706,101.712,137.49,118.972,3.826,320,99.842,138.102,"[99.842, 138.102]"
ASN,ND2,16712,99.4,134.5,112.746,2.234,408,101.576,123.916,"[101.576, 123.916]"
ASP,H,67007,4.062,12.68,8.295,0.552,883,5.535,11.055,"[5.535, 11.055]"
ASP,HA,40576,2.171,6.93,4.581,0.306,948,3.051,6.111000000000001,"[3.051, 6.111]"
ASP,HB2,37273,-0.39,6.6,2.711,0.259,839,1.416,4.006,"[1.416, 4.006]"
ASP,HB3,35732,-0.362,4.58,2.66,0.266,823,1.33,3.99,"[1.33, 3.99]"
ASP,HD2,11,0.968,12.12,6.421,3.223,0,-9.693999999999999,22.535999999999998,"[-9.694, 22.536]"
ASP,C,43056,166.8,182.955,176.428,1.671,366,168.073,184.783,"[168.073, 184.783]"
ASP,CA,59157,41.113,67.166,54.666,1.99,240,44.715999999999994,64.616,"[44.716, 64.616]"
ASP,CB,55551,26.5008,58.51,40.863,1.577,934,32.978,48.748,"[32.978, 48.748]"
ASP,CG,781,169.68,186.5,179.229,1.852,39,169.96900000000002,188.489,"[169.969, 188.489]"
ASP,N,64616,98.471,143.52,120.742,3.711,450,102.18700000000001,139.297,"[102.187, 139.297]"
CYS,H,23127,4.379,12.66,8.379,0.671,196,5.023999999999999,11.734,"[5.024, 11.734]"
CYS,HA,17797,1.64,6.448,4.655,0.535,211,1.98,7.33,"[1.98, 7.33]"
CYS,HB2,17030,-0.488,4.715,2.956,0.427,493,0.8210000000000002,5.090999999999999,"[0.821, 5.091]"
CYS,HB3,16586,-0.83,4.77,2.892,0.438,498,0.702,5.082,"[0.702, 5.082]"
CYS,HG,221,-1.83,8.486,2.086,1.269,10,-4.259,8.431,"[-4.259, 8.431]"
CYS,C,11024,166.733,187.591,174.824,2.031,56,164.669,184.979,"[164.669, 184.979]"
CYS,CA,16714,41.514,68.074,58.039,3.452,24,40.779,75.299,"[40.779, 75.299]"
CYS,CB,15807,17.99,63.89,33.433,6.556,23,0.6529999999999987,66.213,"[0.653, 66.213]"
CYS,N,18219,100.48,138.678,120.085,4.36,149,98.285,141.885,"[98.285, 141.885]"
GLN,H,50900,3.505,12.224,8.219,0.556,633,5.438999999999999,10.998999999999999,"[5.439, 10.999]"
GLN,HA,30023,1.567,7.34,4.256,0.415,718,2.1810000000000005,6.3309999999999995,"[2.181, 6.331]"
GLN,HB2,26855,-0.14,4.025,2.045,0.247,598,0.81,3.28,"[0.81, 3.28]"
GLN,HB3,25522,-0.52,4.04,2.016,0.26,593,0.716,3.316,"[0.716, 3.316]"
GLN,HE21,18263,3.39,9.922,7.229,0.439,279,5.034000000000001,9.424,"[5.034, 9.424]"
GLN,HE22,17999,3.59,9.79,7.036,0.433,334,4.8709999999999996,9.201,"[4.871, 9.201]"
GLN,HG2,24854,-0.212,4.44,2.316,0.258,670,1.0259999999999998,3.606,"[1.026, 3.606]"
GLN,HG3,22962,-0.406,4.44,2.296,0.275,692,0.9209999999999998,3.671,"[0.921, 3.671]"
GLN,C,32750,166.539,185.308,176.347,1.868,149,167.007,185.687,"[167.007, 185.687]"
GLN,CA,44754,43.453,67.016,56.537,2.065,146,46.212,66.862,"[46.212, 66.862]"
GLN,CB,41338,18.425,44.203,29.148,1.746,645,20.418,37.878,"[20.418, 37.878]"
GLN,CD,2272,171.365,183.929,179.705,1.255,77,173.43,185.98000000000002,"[173.43, 185.98]"
GLN,CG,22348,21.64,51.08,33.791,1.081,441,28.385999999999996,39.196,"[28.386, 39.196]"
GLN,N,48990,103.877,139.55,120.087,3.428,491,102.947,137.227,"[102.947, 137.227]"
GLN,NE2,16272,92.49,133.301,111.87,1.685,462,103.44500000000001,120.295,"[103.445, 120.295]"
GLU,H,87477,4.215,12.692,8.33,0.57,1081,5.48,11.18,"[5.48, 11.18]"
GLU,HA,53364,1.393,6.335,4.238,0.398,1410,2.248,6.228000000000001,"[2.248, 6.228]"
GLU,HB2,47537,0.34,3.44,2.022,0.204,1111,1.0019999999999998,3.042,"[1.002, 3.042]"
GLU,HB3,44682,0.285,3.467,1.998,0.209,1075,0.9530000000000001,3.043,"[0.953, 3.043]"
GLU,HE2,17,2.727,7.376,4.132,1.447,1,-3.1030000000000006,11.367,"[-3.103, 11.367]"
GLU,HG2,43535,0.528,3.77,2.268,0.205,1135,1.2429999999999999,3.2929999999999997,"[1.243, 3.293]"
GLU,HG3,40516,0.476,3.832,2.25,0.209,1009,1.205,3.295,"[1.205, 3.295]"
GLU,C,57227,166.8,183.598,176.933,1.874,371,167.563,186.303,"[167.563, 186.303]"
GLU,CA,77076,41.955,71.16,57.301,2.053,319,47.036,67.566,"[47.036, 67.566]"
GLU,CB,71474,18.356,49.56,29.949,1.667,1071,21.614,38.284000000000006,"[21.614, 38.284]"
GLU,CD,877,173.41,188.71,182.205,2.283,60,170.79000000000002,193.62,"[170.79, 193.62]"
GLU,CG,39407,25.059,54.826,36.11,1.175,816,30.235,41.985,"[30.235, 41.985]"
GLU,N,84662,101.337,138.6,120.802,3.385,830,103.87700000000001,137.727,"[103.877, 137.727]"
GLY,H,86178,2.881,12.22,8.328,0.612,2017,5.267999999999999,11.388,"[5.268, 11.388]"
GLY,H1,2,8.373,8.677,8.525,0.215,0,7.45,9.6,"[7.45, 9.6]"
GLY,HA2,50956,0.7837959345,6.983,3.959,0.363,1327,2.144,5.774,"[2.144, 5.774]"
GLY,HA3,48261,0.645,6.983,3.894,0.361,1365,2.0890000000000004,5.699,"[2.089, 5.699]"
GLY,C,54658,163.029,187.394,173.901,1.782,902,164.991,182.811,"[164.991, 182.811]"
GLY,CA,76210,33.148,61.276,45.35,1.285,972,38.925000000000004,51.775,"[38.925, 51.775]"
GLY,N,81651,91.124,139.866,109.551,3.533,1112,91.886,127.21600000000001,"[91.886, 127.216]"
HIS,H,23518,3.139,12.392,8.245,0.662,426,4.934999999999999,11.555,"[4.935, 11.555]"
HIS,HA,15041,1.929,8.9,4.6,0.423,510,2.485,6.715,"[2.485, 6.715]"
HIS,HB2,13843,-0.038,8.7,3.104,0.35,641,1.354,4.854,"[1.354, 4.854]"
HIS,HB3,13371,-0.387,8.7,3.048,0.371,623,1.193,4.9030000000000005,"[1.193, 4.903]"
HIS,HD1,616,2.73,74.8,8.907,5.675,30,-19.468,37.282,"[-19.468, 37.282]"
HIS,HD2,9463,0.264,9.415,7.001,0.463,462,4.686,9.316,"[4.686, 9.316]"
HIS,HE1,7389,0.075,10.881,7.952,0.559,274,5.157,10.747,"[5.157, 10.747]"
HIS,HE2,265,6.037,16.53,9.625,2.288,22,-1.8149999999999995,21.064999999999998,"[-1.815, 21.065]"
HIS,C,14720,166.9,183.12,175.25,1.934,88,165.58,184.92,"[165.58, 184.92]"
HIS,CA,20995,42.505,82.0,56.469,2.29,163,45.019000000000005,67.919,"[45.019, 67.919]"
HIS,CB,19527,18.745,46.978,30.252,2.074,291,19.881999999999998,40.622,"[19.882, 40.622]"
HIS,CD2,6326,110.516,159.946,120.29,3.253,139,104.025,136.555,"[104.025, 136.555]"
HIS,CE1,4886,104.667,144.756,137.589,2.316,101,126.009,149.16899999999998,"[126.009, 149.169]"
HIS,CG,224,117.54,139.557,132.265,2.996,7,117.28499999999998,147.24499999999998,"[117.285, 147.245]"
HIS,N,22194,103.986,136.48,119.737,4.016,251,99.657,139.817,"[99.657, 139.817]"
HIS,ND1,373,162.04,229.14,193.19,18.607,116,100.155,286.225,"[100.155, 286.225]"
HIS,NE2,397,161.098,226.759,183.312,16.406,26,101.28200000000001,265.342,"[101.282, 265.342]"
ILE,H,58702,3.344,11.871,8.256,0.671,442,4.901,11.611,"[4.901, 11.611]"
ILE,HA,36177,1.32,6.362,4.152,0.544,199,1.432,6.872,"[1.432, 6.872]"
ILE,HB,33645,-1.28,3.87,1.788,0.286,709,0.3580000000000001,3.218,"[0.358, 3.218]"
ILE,HG12,30184,-2.12,2.849,1.275,0.391,471,-0.6800000000000002,3.23,"[-0.68, 3.23]"
ILE,HG13,28977,-2.368,2.99,1.203,0.405,444,-0.8220000000000003,3.2280000000000006,"[-0.822, 3.228]"
ILE,MD,34785,-1.468,2.82,0.683,0.279,1097,-0.712,2.0780000000000003,"[-0.712, 2.078]"
ILE,MG,32030,-1.468,2.198,0.778,0.265,1028,-0.5470000000000002,2.103,"[-0.547, 2.103]"
ILE,C,37843,166.403,187.551,175.971,1.869,284,166.626,185.316,"[166.626, 185.316]"
ILE,CA,51976,39.563,71.856,61.678,2.675,121,48.303,75.053,"[48.303, 75.053]"
ILE,CB,47938,18.1,51.876,38.529,1.976,420,28.649000000000004,48.409000000000006,"[28.649, 48.409]"
ILE,CD1,31617,1.358,31.913,13.39,1.634,700,5.220000000000001,21.560000000000002,"[5.22, 21.56]"
ILE,CG1,27342,8.767,42.087,27.755,1.699,431,19.259999999999998,36.25,"[19.26, 36.25]"
ILE,CG2,29050,3.448,37.008,17.519,1.306,690,10.988999999999997,24.049,"[10.989, 24.049]"
ILE,N,56319,83.327,138.12,121.416,4.156,812,100.636,142.196,"[100.636, 142.196]"
LEU,H,98351,3.012,13.22,8.214,0.626,765,5.0840000000000005,11.344000000000001,"[5.084, 11.344]"
LEU,H1,1,7.34,7.34,7.34,,0,,,"[nan, nan]"
LEU,HA,60019,1.721,6.42,4.294,0.449,702,2.0489999999999995,6.539,"[2.049, 6.539]"
LEU,HB2,54468,-1.252,4.1281,1.611,0.336,1072,-0.06900000000000017,3.2910000000000004,"[-0.069, 3.291]"
LEU,HB3,52115,-1.777,3.226,1.529,0.358,1067,-0.2610000000000001,3.319,"[-0.261, 3.319]"
LEU,HG,47210,-1.06,3.9,1.512,0.329,965,-0.133,3.157,"[-0.133, 3.157]"
LEU,MD1,56157,-1.76,2.364,0.755,0.272,1949,-0.6050000000000001,2.115,"[-0.605, 2.115]"
LEU,MD2,54133,-1.922,2.349,0.736,0.278,1842,-0.6540000000000001,2.1260000000000003,"[-0.654, 2.126]"
LEU,C,63134,166.222,189.78,177.107,1.9,469,167.607,186.607,"[167.607, 186.607]"
LEU,CA,86729,42.686,67.88,55.676,2.094,279,45.206,66.146,"[45.206, 66.146]"
LEU,CB,80071,26.4,53.7,42.208,1.815,1101,33.132999999999996,51.283,"[33.133, 51.283]"
LEU,CD1,48999,10.945,36.85,24.62,1.582,534,16.71,32.53,"[16.71, 32.53]"
LEU,CD2,46870,9.86,32.515,24.098,1.667,432,15.762999999999998,32.433,"[15.763, 32.433]"
LEU,CG,41885,15.3,37.8,26.783,1.072,1183,21.423000000000002,32.143,"[21.423, 32.143]"
LEU,N,93951,84.655,177.633,121.847,3.807,618,102.812,140.882,"[102.812, 140.882]"
LYS,H,82394,3.258,12.031,8.177,0.585,1006,5.252,11.102,"[5.252, 11.102]"
LYS,HA,51897,0.68,7.96,4.254,0.42,1077,2.1539999999999995,6.353999999999999,"[2.154, 6.354]"
LYS,HB2,46016,-0.3,3.819,1.779,0.237,1220,0.5939999999999999,2.964,"[0.594, 2.964]"
LYS,HB3,43316,-0.449,3.819,1.753,0.256,1137,0.47299999999999986,3.033,"[0.473, 3.033]"
LYS,HD2,36622,-1.68,3.19,1.608,0.205,1242,0.5830000000000002,2.633,"[0.583, 2.633]"
LYS,HD3,33085,-0.534,3.193,1.6,0.21,1091,0.55,2.6500000000000004,"[0.55, 2.65]"
LYS,HE2,36179,0.75,4.43,2.914,0.192,1240,1.9540000000000002,3.874,"[1.954, 3.874]"
LYS,HE3,32015,1.171,4.55,2.908,0.197,1102,1.9229999999999998,3.893,"[1.923, 3.893]"
LYS,HG2,41345,-0.77,3.128,1.37,0.247,1330,0.13500000000000023,2.605,"[0.135, 2.605]"
LYS,HG3,38275,-0.871,3.046,1.354,0.262,1194,0.04400000000000004,2.664,"[0.044, 2.664]"
LYS,C,51038,166.633,185.0,176.729,1.893,342,167.264,186.19400000000002,"[167.264, 186.194]"
LYS,CA,70685,40.726,75.496,56.952,2.149,243,46.206999999999994,67.697,"[46.207, 67.697]"
LYS,CB,65474,15.95,46.6,32.74,1.737,1025,24.055,41.425000000000004,"[24.055, 41.425]"
LYS,CD,33669,15.366,42.868,28.967,1.088,1094,23.526999999999997,34.407,"[23.527, 34.407]"
LYS,CE,32305,22.662,56.0,41.896,0.858,1132,37.606,46.186,"[37.606, 46.186]"
LYS,CG,35903,16.845,40.5,24.896,1.102,1073,19.386,30.406000000000002,"[19.386, 30.406]"
LYS,N,77454,101.1,140.3,121.121,3.664,648,102.80099999999999,139.441,"[102.801, 139.441]"
LYS,NZ,128,20.9,47.3444,33.117,2.664,129,19.796999999999997,46.437,"[19.797, 46.437]"
LYS,QZ,1448,1.32,9.9,7.413,0.606,65,4.383000000000001,10.443,"[4.383, 10.443]"
MET,H,23288,4.865,12.456,8.25,0.569,216,5.405,11.094999999999999,"[5.405, 11.095]"
MET,HA,14764,1.127,6.35,4.389,0.455,300,2.1140000000000003,6.664,"[2.114, 6.664]"
MET,HB2,13027,-1.05,4.07,2.03,0.321,372,0.4249999999999998,3.635,"[0.425, 3.635]"
MET,HB3,12229,-0.99,3.47,1.994,0.332,302,0.33399999999999985,3.654,"[0.334, 3.654]"
MET,HG2,11875,-0.528,4.4,2.421,0.354,369,0.6509999999999998,4.191,"[0.651, 4.191]"
MET,HG3,11243,-0.528,4.24,2.396,0.37,357,0.5459999999999998,4.246,"[0.546, 4.246]"
MET,ME,9218,-0.713,8.381,1.89,0.375,334,0.014999999999999902,3.7649999999999997,"[0.015, 3.765]"
MET,C,15610,165.891,185.212,176.259,2.026,78,166.129,186.38899999999998,"[166.129, 186.389]"
MET,CA,21821,43.281,66.86,56.131,2.177,82,45.246,67.016,"[45.246, 67.016]"
MET,CB,20006,17.37,46.46,32.903,2.124,305,22.282999999999998,43.522999999999996,"[22.283, 43.523]"
MET,CE,8467,0.0,48.46,17.119,1.699,141,8.623999999999999,25.614,"[8.624, 25.614]"
MET,CG,10292,15.937,51.7,32.028,1.324,202,25.407999999999998,38.647999999999996,"[25.408, 38.648]"
MET,N,22622,102.804,138.547,120.141,3.418,227,103.051,137.231,"[103.051, 137.231]"
PHE,H,41444,3.549,12.357,8.327,0.711,366,4.772,11.882,"[4.772, 11.882]"
PHE,HA,25117,1.33,6.868,4.604,0.554,196,1.8339999999999996,7.3740000000000006,"[1.834, 7.374]"
PHE,HB2,23151,0.159,4.461,3.002,0.359,466,1.2069999999999999,4.797,"[1.207, 4.797]"
PHE,HB3,22594,-0.212,4.69,2.942,0.381,477,1.0370000000000001,4.847,"[1.037, 4.847]"
PHE,HD1,18966,4.469,8.6518,7.058,0.308,578,5.518,8.597999999999999,"[5.518, 8.598]"
PHE,HD2,16281,4.469,8.6518,7.062,0.308,499,5.522,8.602,"[5.522, 8.602]"
PHE,HE1,16470,4.378,8.41,7.088,0.305,530,5.563000000000001,8.613,"[5.563, 8.613]"
PHE,HE2,14298,4.378,8.41,7.086,0.309,461,5.541,8.631,"[5.541, 8.631]"
PHE,HZ,11329,4.324,8.9479,6.998,0.411,380,4.9430000000000005,9.053,"[4.943, 9.053]"
PHE,C,26226,166.845,184.929,175.487,1.942,166,165.777,185.197,"[165.777, 185.197]"
PHE,CA,36260,36.03,69.821,58.117,2.54,126,45.417,70.817,"[45.417, 70.817]"
PHE,CB,33660,25.52,56.739,39.871,2.028,317,29.731,50.011,"[29.731, 50.011]"
PHE,CD1,11511,116.948,148.728,131.583,1.247,277,125.348,137.818,"[125.348, 137.818]"
PHE,CD2,8153,115.549,140.309,131.574,1.208,192,125.534,137.614,"[125.534, 137.614]"
PHE,CE1,10006,114.754,139.56,130.725,1.324,228,124.10499999999999,137.345,"[124.105, 137.345]"
PHE,CE2,7077,114.7,139.7,130.76,1.214,161,124.69,136.82999999999998,"[124.69, 136.83]"
PHE,CG,375,127.24,156.3,138.248,2.832,15,124.088,152.408,"[124.088, 152.408]"
PHE,CZ,7378,115.1,147.2589,129.246,1.476,157,121.86600000000001,136.626,"[121.866, 136.626]"
PHE,N,39340,101.474,139.02,120.36,4.077,233,99.975,140.745,"[99.975, 140.745]"
PRO,H,8,7.808,9.166,8.519,0.473,0,6.154,10.884,"[6.154, 10.884]"
PRO,HA,29149,1.044,8.08,4.386,0.322,861,2.776,5.996,"[2.776, 5.996]"
PRO,HB2,26628,-0.75,4.59,2.078,0.34,749,0.37799999999999967,3.778,"[0.378, 3.778]"
PRO,HB3,25838,-0.785,3.79,2.004,0.349,732,0.2590000000000001,3.7489999999999997,"[0.259, 3.749]"
PRO,HD2,24228,0.48,5.357,3.651,0.343,803,1.9359999999999997,5.366,"[1.936, 5.366]"
PRO,HD3,23386,0.1,5.357,3.62,0.369,914,1.7750000000000001,5.465,"[1.775, 5.465]"
PRO,HG2,23670,-0.78,4.418,1.928,0.301,897,0.42300000000000004,3.433,"[0.423, 3.433]"
PRO,HG3,21951,-0.88,4.418,1.906,0.312,846,0.34599999999999986,3.466,"[0.346, 3.466]"
PRO,C,29274,168.381,183.423,176.771,1.444,415,169.551,183.99099999999999,"[169.551, 183.991]"
PRO,CA,40623,45.436,72.28,63.337,1.485,485,55.912000000000006,70.762,"[55.912, 70.762]"
PRO,CB,37493,20.914,50.25,31.836,1.146,947,26.105999999999998,37.565999999999995,"[26.106, 37.566]"
PRO,CD,21603,26.918,66.221,50.343,1.043,470,45.128,55.55800000000001,"[45.128, 55.558]"
PRO,CG,21688,18.28,50.753,27.201,1.104,497,21.681,32.721000000000004,"[21.681, 32.721]"
PRO,N,2429,110.492,145.739,135.639,4.968,343,110.799,160.479,"[110.799, 160.479]"
SER,H,74154,2.964,13.13,8.275,0.556,1050,5.495,11.055,"[5.495, 11.055]"
SER,HA,44831,1.277,6.853,4.466,0.391,1262,2.511,6.421,"[2.511, 6.421]"
SER,HB2,40547,1.673,5.66,3.87,0.25,1021,2.62,5.12,"[2.62, 5.12]"
SER,HB3,37476,1.19,5.574,3.847,0.268,952,2.5069999999999997,5.187,"[2.507, 5.187]"
SER,HG,753,0.13,8.97,5.337,1.041,42,0.13199999999999967,10.542,"[0.132, 10.542]"
SER,C,47790,164.47,197.1,174.634,1.684,548,166.214,183.05399999999997,"[166.214, 183.054]"
SER,CA,66490,45.13,73.678,58.683,2.032,319,48.522999999999996,68.843,"[48.523, 68.843]"
SER,CB,61087,30.972,78.834,63.792,1.494,943,56.322,71.262,"[56.322, 71.262]"
SER,N,70920,95.97,133.684,116.316,3.376,827,99.436,133.196,"[99.436, 133.196]"
THR,H,63937,5.173,11.804,8.224,0.605,820,5.199,11.249,"[5.199, 11.249]"
THR,HA,38734,1.65,7.468,4.446,0.467,332,2.1109999999999998,6.781,"[2.111, 6.781]"
THR,HB,34760,0.92,8.346,4.166,0.319,535,2.5710000000000006,5.761,"[2.571, 5.761]"
THR,HG1,1222,-1.783,9.129,5.061,1.327,59,-1.5739999999999998,11.696,"[-1.574, 11.696]"
THR,MG,34757,-0.973,3.28,1.138,0.21,1122,0.08799999999999986,2.1879999999999997,"[0.088, 2.188]"
THR,C,40531,165.5,185.319,174.556,1.69,458,166.10600000000002,183.006,"[166.106, 183.006]"
THR,CA,56276,40.737,73.254,62.206,2.546,182,49.476000000000006,74.936,"[49.476, 74.936]"
THR,CB,51600,28.964,81.526,69.693,1.69,630,61.242999999999995,78.143,"[61.243, 78.143]"
THR,CG2,29890,11.7,36.17,21.55,1.09,696,16.1,27.0,"[16.1, 27.0]"
THR,N,61226,95.262,141.606,115.331,4.67,427,91.981,138.681,"[91.981, 138.681]"
TRP,H,13287,5.16,11.75862,8.259,0.764,127,4.439,12.079,"[4.439, 12.079]"
TRP,HA,8129,2.043,6.89,4.651,0.509,111,2.106,7.196,"[2.106, 7.196]"
TRP,HB2,7579,0.42,4.54,3.188,0.333,174,1.5230000000000001,4.853,"[1.523, 4.853]"
TRP,HB3,7347,0.257,5.62,3.126,0.361,169,1.321,4.931,"[1.321, 4.931]"
TRP,HD1,6647,4.9,8.93,7.139,0.333,190,5.474,8.804,"[5.474, 8.804]"
TRP,HE1,7693,4.69,13.49,10.088,0.634,208,6.917999999999999,13.258,"[6.918, 13.258]"
TRP,HE3,5748,4.89,10.0,7.326,0.406,200,5.295999999999999,9.356,"[5.296, 9.356]"
TRP,HH2,5696,4.372,8.797,6.984,0.351,222,5.229,8.739,"[5.229, 8.739]"
TRP,HZ2,6157,4.655,8.598,7.289,0.313,212,5.724,8.854,"[5.724, 8.854]"
TRP,HZ3,5552,3.877,8.898,6.881,0.366,178,5.051,8.711,"[5.051, 8.711]"
TRP,C,7933,166.766,182.7,176.239,1.978,52,166.349,186.12900000000002,"[166.349, 186.129]"
TRP,CA,11147,43.503,81.0,57.753,2.497,46,45.268,70.238,"[45.268, 70.238]"
TRP,CB,10173,18.633,52.3,29.891,1.959,111,20.095999999999997,39.686,"[20.096, 39.686]"
TRP,CD1,4108,108.45,135.599,126.573,1.838,121,117.383,135.763,"[117.383, 135.763]"
TRP,CD2,138,22.53,132.622,127.265,9.183,4,81.35,173.18,"[81.35, 173.18]"
TRP,CE2,159,113.888,177.71,137.632,6.681,8,104.227,171.037,"[104.227, 171.037]"
TRP,CE3,3425,93.343,137.6,120.504,1.795,111,111.52900000000001,129.479,"[111.529, 129.479]"
TRP,CG,193,102.53,116.526,110.957,1.897,8,101.472,120.442,"[101.472, 120.442]"
TRP,CH2,3652,91.616,131.54,123.803,1.524,97,116.18299999999999,131.423,"[116.183, 131.423]"
TRP,CZ2,3909,81.812,132.031,114.265,1.384,111,107.345,121.185,"[107.345, 121.185]"
TRP,CZ3,3485,98.613,138.39,121.371,1.6,99,113.371,129.37099999999998,"[113.371, 129.371]"
TRP,N,12106,101.97,138.113,121.548,4.022,170,101.438,141.65800000000002,"[101.438, 141.658]"
TRP,NE1,6101,106.0,141.38,129.261,2.13,174,118.61099999999999,139.911,"[118.611, 139.911]"
TYR,H,35749,4.156,12.34,8.278,0.715,267,4.703000000000001,11.853,"[4.703, 11.853]"
TYR,HA,21434,1.188,6.825,4.599,0.542,286,1.8890000000000002,7.309,"[1.889, 7.309]"
TYR,HB2,19673,-0.494,4.7,2.909,0.361,430,1.1039999999999999,4.7139999999999995,"[1.104, 4.714]"
TYR,HB3,19153,-0.192,4.7,2.846,0.381,464,0.9410000000000001,4.751,"[0.941, 4.751]"
TYR,HD1,16794,4.684,8.538,6.941,0.288,509,5.5009999999999994,8.381,"[5.501, 8.381]"
TYR,HD2,14640,4.43,8.538,6.937,0.288,451,5.497,8.377,"[5.497, 8.377]"
TYR,HE1,15921,4.58,8.04,6.702,0.221,457,5.5969999999999995,7.807,"[5.597, 7.807]"
TYR,HE2,13972,4.58,8.5,6.704,0.223,388,5.5889999999999995,7.819,"[5.589, 7.819]"
TYR,HH,282,-0.788,13.748,9.079,1.583,11,1.1640000000000006,16.994,"[1.164, 16.994]"
TYR,C,21777,165.167,184.78,175.542,1.936,149,165.862,185.222,"[165.862, 185.222]"
TYR,CA,30131,38.582,69.56,58.163,2.477,81,45.778,70.548,"[45.778, 70.548]"
TYR,CB,27685,25.321,57.732,39.23,2.112,217,28.669999999999995,49.79,"[28.67, 49.79]"
TYR,CD1,10235,115.3,141.572,132.73,1.356,248,125.94999999999999,139.51,"[125.95, 139.51]"
TYR,CD2,7178,113.003,139.472,132.72,1.471,149,125.365,140.075,"[125.365, 140.075]"
TYR,CE1,10082,92.486,137.42,117.946,1.326,234,111.316,124.576,"[111.316, 124.576]"
TYR,CE2,7078,106.548,135.823,117.922,1.243,136,111.707,124.137,"[111.707, 124.137]"
TYR,CG,339,117.7,155.9,129.662,3.306,12,113.132,146.192,"[113.132, 146.192]"
TYR,CZ,225,126.43,161.75577,156.905,2.473,6,144.54,169.27,"[144.54, 169.27]"
TYR,N,33366,61.07,144.96,120.451,4.048,276,100.21099999999998,140.691,"[100.211, 140.691]"
VAL,H,76645,3.98,12.585,8.266,0.654,548,4.996,11.536,"[4.996, 11.536]"
VAL,HA,47024,0.972,6.298,4.158,0.565,220,1.3330000000000006,6.9830000000000005,"[1.333, 6.983]"
VAL,HB,43157,-1.24,3.758,1.986,0.309,957,0.44100000000000006,3.5309999999999997,"[0.441, 3.531]"
VAL,MG1,44145,-1.55,2.573,0.824,0.26,1353,-0.4760000000000001,2.124,"[-0.476, 2.124]"
VAL,MG2,43355,-2.32,3.32,0.806,0.276,1270,-0.5740000000000001,2.186,"[-0.574, 2.186]"
VAL,C,49835,164.438,183.949,175.718,1.84,342,166.518,184.91799999999998,"[166.518, 184.918]"
VAL,CA,68124,39.654,77.145,62.532,2.823,144,48.416999999999994,76.64699999999999,"[48.417, 76.647]"
VAL,CB,62572,17.205,45.331,32.669,1.761,416,23.863999999999997,41.474,"[23.864, 41.474]"
VAL,CG1,39333,12.071,32.27,21.49,1.358,571,14.699999999999998,28.28,"[14.7, 28.28]"
VAL,CG2,38015,11.375,33.118,21.301,1.514,482,13.730999999999998,28.871,"[13.731, 28.871]"
VAL,N,74078,93.758,143.29,121.082,4.334,858,99.41199999999999,142.75199999999998,"[99.412, 142.752]"
